installerid,Areas of Service,Address,Since,state,zip,lat,long
20727,CA,"11750 Roscoe Blvd Ste 7

Los Angeles, CA

91352 US",2007,CA,91352,,
205,"AL,AK,AZ,AR,CA,CO,CT,DE,DC,FL,GA,HI,ID,IL,IN,IA,KS,KY,LA,ME,MD,MA,MI,MN,MS,MO,MT,NE,NV,NH,NJ,NM,NY,NC,ND,OH,OK,OR,PA,RI,SC,SD,TN,TX,UT,VT,VA,WA,WV,WI,WY","25300 NW Evergreen Rd

Hillsboro, OR

97124 United States",1975,OR,97124,45.56908035,-122.946701
216,,"10421 Citation Drive, Suite 1100

Brighton, MI

48116 United States",,MI,48116,42.50366974,-83.78105927
256,,"Industriepark st Veit

Glan

9300 Austria",,Kärnten,,,
20831,"AL,AK,AZ,AR,CA,CO,CT,DE,DC,FL,GA,HI,ID,IL,IN,IA,KS,KY,LA,ME,MD,MA,MI,MN,MS,MO,MT,NE,NV,NH,NJ,NM,NY,NC,ND,OH,OK,OR,PA,RI,SC,SD,TN,TX,UT,VT,VA,WA,WV,WI,WY","14288 Central avenue

Chino, CA

91710 US",,CA,91710,34.00447845,-117.6847
363,"AL,AK,AZ,AR,CA,CO,CT,DE,DC,FL,GA,HI,ID,IL,IN,IA,KS,KY,LA,ME,MD,MA,MI,MN,MS,MO,MT,NE,NV,NH,NJ,NM,NY,NC,ND,OH,OK,OR,PA,RI,SC,SD,TN,TX,UT,VT,VA,WA,WV,WI,WY","14350 N 87TH ST

Scottsdale, Arizona

85260 United States",1995,AZ,85260,33.61074066,-111.8914719
21695,"CA,CT,FL,LA,MS,SC,TX","15320 Vantage Parkway West

Houston, Texas

77032 United States",2009,TX,77032,29.98539543,-95.34621429
20923,TX,"P.O. BOX 130659

Dallas, TX

75313 US",2013,TX,75313,,
20931,"NC,SC,TN,VA,WV","11044 Richardson Rd, Suite A29

Ashland, VA

23005 US",2012,VA,23005,37.75969696,-77.48187256
20956,"AL,AK,AZ,AR,CA,CO,CT,DE,DC,FL,GA,HI,ID,IL,IN,IA,KS,KY,LA,ME,MD,MA,MI,MN,MS,MO,MT,NE,NV,NH,NJ,NM,NY,NC,ND,OH,OK,OR,PA,RI,SC,SD,TN,TX,UT,VT,VA,WA,WV,WI,WY",US,,IL,,,
21723,TX,"11419 Dover

Houston, TX

77031 United States",2016,TX,77031,29.65220451,-95.5462265
1139,,"Gilbert, AZ

United States",,AZ,85212,33.32322311,-111.6236725
21762,,"Moorhead, MN

US",,MN,56560,46.84268188,-96.72896576
1364,FL,"2519 McMullen Booth Rd Ste 510-142 Clearwater, FL 33761

Clearwater, FL

33761 United States",2004,FL,33761,28.03306007,-82.72437286
21801,CA,"11295 Sunrise Gold Circle

Rancho Cordova, CA

95742 United States",,CA,95742,38.56220245,-121.2046967
1627,,"P.O. Box 31627

Phoenix, AZ

85046-1627 United States",,AZ,85046,,
21806,CA,"16238-B Raymer St

Los Angeles, CA

91406 United States",2011,CA,91406,34.19568634,-118.4907532
21110,,US,,CT,,,
21817,FL,"14384 N. Dale Mabry Hwy.

Tampa, FL

33618 US",2008,FL,33618,28.07480621,-82.49840546
1877,,"2669 Holton Rd.

North Muskegon, MI

USA",,MI,49445,43.29253769,-86.29388428
21156,CA,"32852 Sexton Street

Wildomar, California

92595 United States",1997,CA,92595,33.61784363,-117.2593079
1952,WI,"S12708 Carlos Rd.

Spring Green, WI

53588 United States",,WI,53588,43.19374084,-90.08626556
21163,FL,"11435 Challenger Ave

Odessa, FL

33556 United States",2012,FL,33556,28.13480949,-82.59146118
2042,TX,"12863 CR-192

Tyler, TX

75703 United States",2008,TX,75703,32.23509598,-95.32077789
3256,,"41659 256th St





Mitchell, SD

57301-7828 United States",,SD,57301,43.71374512,-98.04776764
3296,,"22700 NE Mountain Top Rd.

                    

                   

                    

                 

                   

                    Contact: Robert Preus

Newberg, OR

97132 United States",,OR,97132,45.32421875,-122.9873276
3367,"MA,RI","Providence, RI",,RI,2902,,
21193,"AZ,NV,NM,UT","15201 Presilla Drive

San Diego, CA

91935 United States",2012,CA,91935,32.7219162,-116.7882004
21878,TX,"16410 Blanco Rd. Suite #2

San Antonio, Texas

78232 United States",2013,TX,78232,29.58863831,-98.47458649
21880,CA,"48511 Warm Spring Blvd. Suite 205

Fremont, California

94539 US",,CA,94539,37.51689911,-121.9117508
21195,CA,"41194 Mackenzie Lane

Indio, CA

92203 United States",2014,CA,92203,33.75395966,-116.2464905
21196,FL,"16510 N. Florida Ave, Suite 100

Lutz, FL

33549 United States",2012,FL,33549,28.13794327,-82.44625092
6351,"DE,DC,MD","10616 Beaver Dam RD

Baltimore, MD

21030 United States",2009,MD,21030,39.49241257,-76.67444611
21232,CA,"22041 Gilmore St.

Woodland Hills, CA

91303 United States",2006,CA,91303,34.19829178,-118.600914
6515,"AL,AZ,AR,CA,CO,CT,DE,DC,FL,GA,ID,IL,IN,IA,KS,KY,LA,ME,MD,MA,MI,MN,MS,MO,MT,NE,NV,NH,NJ,NM,NY,NC,ND,OH,OK,OR,PA,RI,SC,SD,TN,TX,UT,VT,VA,WA,WV,WI,WY","12905 Water Mill Cove

Austin, TX

78729 United States",2009,TX,78729,30.45839691,-97.75534058
21940,CA,"21410 Chase St

Canoga Park, CA

91304 US",2014,CA,91304,34.22419357,-118.6323853
21283,OR,"22267 S. Kamrath Rd

Beavercreek, OR

97004 US",2013,OR,97004,45.25496292,-122.449379
20041,CA,"751818 Mediterranean Ave

Palm Desert, CA

92211 US",2007,CA,92211,33.76539993,-116.3342056
20048,"CT,MI,NJ,NY,NC,OH","24371 Catherine Industrial Dr Suite 231

Novi, MI

48375 US",2010,MI,48375,42.46414185,-83.46395874
21996,FL,"12001 Avalon Lake Dr Suite L

Orlando, FL

32828 United States",2014,FL,32828,28.53009224,-81.17350006
22016,CA,"17500 Red Hill Ave. #140

Irvine, CA

92614 United States",2009,CA,92614,33.68021011,-117.8333588
21314,FL,"10418 New Berlin Rd #223

Jacksonville, FL

32226 US",2010,FL,32226,30.48124886,-81.50615692
22228,CA,"8137 Winter Gardens Blvd

Lakeside, CA

9240 US",2010,CA,92040,32.90890884,-116.8919754
20101,TX,"10203 Mula Circle

Stafford, TX

77477 US",2007,TX,77477,29.6242733,-95.56800842
21355,TX,"24750 Clay Rd.

Katy, TX

77493 United States",2015,TX,77493,29.85321426,-95.83145905
21356,CA,"10373 Trademark St

Rancho Cucamonga, CA

91730 United States",2012,CA,91730,34.10110092,-117.5782166
22344,CA,"16870 W Bernardo Dr. Suite #400

San Diego, CA

92127 United States",2008,CA,92127,33.02017593,-117.123291
20133,,"1000 Sylvan Ave. 07632

Englewood Cliffs, NJ

07632 US",,NJ,7632,40.88972092,-73.94197845
20165,"DC,MD,VA","46090 Lake Center Plaza, Suite 109

Sterling, VA

20165 US",2007,VA,20165,39.05753708,-77.39200592
20195,,"South Deerfield, MA

US",,MA,1373,42.47547913,-72.61540222
20196,,"32 Dana Rd

Orange, MA

US",,MA,1364,42.60543823,-72.29207611
22391,CA,"14721 Oxnard St

Van Nuys, CA

91411 United States",2011,CA,91411,34.1785202,-118.4592361
21383,CA,"13462 Herron st

Sylmar, CA

91342 United States",2015,CA,91342,34.32658386,-118.3822632
20314,"CO,MO","17512 W 59th Avenue 

Golden, CO

80403 US",,CO,80403,39.83695984,-105.2996216
22417,CA,"16870 W Bernardo Dr. Suite #400

San Diego, CA

92127 United States",2008,CA,92127,33.02017593,-117.123291
21392,"IL,MO","10330 Page Industrial Blvd

St. Louis, MO

63132 US",2006,MO,63132,38.67602539,-90.37799072
22422,CA,"13161 Sherman Way Unit A

North Hollywood, California

91605 United States",2007,CA,91605,34.20734024,-118.4009705
22445,WA,"1/17 Port Pirie St

Bibra Lake, WA

6163 AU",,WA,,,
21403,CA,"18375 Ventura Blvd.

Los Angeles, CA

91356 United States",2008,CA,91356,34.15509796,-118.547554
21406,,US,,CA,,,
20348,CA,"17985 N. Tretheway Rd.

Lockeford, CA

95237 US",2001,CA,95237,38.16188049,-121.1498337
20349,CA,"10370 Slusher Dr Unit 2

Sante Fe Springs, CA

90670 US",2008,CA,90670,33.93356323,-118.0626144
21446,"AZ,AR,CA,CO,CT,FL,GA,ID,IL,IN,KY,MD,MA,MO,NV,NJ,NM,NC,OR,PA,SC,TN,TX,UT,VA,WA,WY",US,,TX,,,
20367,AZ,"23026 N. 16th Lane #102

Phoenix, AZ

85027 US",2009,AZ,85027,33.67975998,-112.0925293
20380,CA,"27936 Lost Canyon Rd # 205

Canyon Country, CA

91387 US",2006,CA,91387,34.40250778,-118.3634186
20395,"AR,OK,TX","16533 FM 16 W

Lindale, TX

75771 US",2009,TX,75771,32.5378952,-95.43571472
22731,"CO,OK,TX","25098 FM 831

Oakwood, TX

75855 US",2008,TX,75855,31.55733109,-95.86363983
20409,"FL,LA,MS,TX","22171 MCH Road

Mandeville, LA

70471 US",2008,LA,70471,30.40703773,-90.06342316
22746,CA,"10611 Calle Lee, Ste 137

Los Alamitos, CA

90720 United States",2009,CA,90720,33.79501343,-118.0626907
22750,"OH,WV","10131 Haga Ridge road

Stewart, OH

45778 United States",2008,OH,45778,39.35353088,-81.89306641
20411,NC,"PO Box 99031

Raleigh, NC

27624 US",2009,NC,27624,,
21542,CA,"16238-B Raymer St

Los Angeles, CA

91406 United States",2011,CA,91406,34.19568634,-118.4907532
20435,"AL,AK,AZ,AR,CA,CO,CT,DE,DC,FL,GA,HI,ID,IL,IN,IA,KS,KY,LA,ME,MD,MA,MI,MN,MS,MO,MT,NE,NV,NH,NJ,NM,NY,NC,ND,OH,OK,OR,PA,RI,SC,SD,TN,TX,UT,VT,VA,WA,WV,WI,WY",US,,CA,,,
20454,"AZ,CA,CO,CT,DE,HI,LA,MD,MA,MO,NV,NJ,NM,NY,OR,PA,TX",US,,FL,,,
20457,"DC,MD,VA","46090 Lake Center Plaza, Suite 109

Sterling, VA

20165 US",2007,VA,20165,39.05753708,-77.39200592
21554,"CA,NJ,NY","10370 Slusher Dr.

Santa Fe Springs, CA

90670 US",2008,CA,90670,33.93356323,-118.0626144
20473,CA,US,,MD,,,
20475,CA,"20045 Prairie Street

Chatsworth, CA

91311 United States",,CA,91311,34.29242706,-118.6023178
20490,MN,US,,CT,,,
20503,WA,US,,NJ,,,
21576,CA,"34859 Frederick St Ste 101

Wildomar, CA

92595 United States",2008,CA,92595,33.61784363,-117.2593079
22875,"AL,FL,GA","PO Box 391378

Deltona, Florida

32739 US",2016,FL,32739,,
21590,CA,"11750 Roscoe Blvd Ste 7

Los Angeles, CA

91352 US",2007,CA,91352,34.23085403,-118.3658524
21596,CA,"36700 Pickfair st 

Cathedral City , Ca

92234 United States",2016,CA,92234,33.81825638,-116.4667435
21609,FL,"12695 Automobile Blvd

Clearwater, FL

33762 United States",2014,FL,33762,27.90112495,-82.68223572
21610,NM,"P.O. Box 92285

Albuquerque, NM

87199 United States",2004,NM,87199,,
20594,CA,"27368 Via Industria Suite 101

Temecula, CA

92590 US",2008,CA,92590,33.48294067,-117.2260818
21616,"NC,SC","10345 Nations Ford Rd. Suite W

Charlotte, NC

28273 United States",1996,NC,28273,35.12735748,-80.94684601
20614,"AL,AK,AZ,AR,CA,CO,CT,DE,DC,FL,GA,HI,ID,IL,IN,IA,KS,KY,LA,ME,MD,MA,MI,MN,MS,MO,MT,NE,NV,NH,NJ,NM,NY,NC,ND,OH,OK,OR,PA,RI,SC,SD,TN,TX,UT,VT,VA,WA,WV,WI,WY","14288 Central avenue

Chino, CA

91710 US",,CA,91710,34.00447845,-117.6847
20617,DE,"20184 Phillips Street

Rehoboth Beach, DE

19971 US",2007,DE,19971,38.68600464,-75.08667755
20647,CA,"10370 Slusher Dr Unit 2

Sante Fe Springs, CA

90670 US",2008,CA,90670,33.93356323,-118.0626144
20659,WA,"18388 Periwinkle Lane

Mount Vernon, WA

98274 US",2000,WA,98274,48.34877014,-122.1454697
22917,"ID,WA","2613 W 8th Ave

Spokane, WA

99224 United States",2016,WA,99224,47.65235901,-117.526001
20364,WA,"324 W. Yakima Ave., Unit B

Yakima, WA

98902 US",2005,WA,98902,46.59667206,-120.5338516
20637,WA,"4511 Lemon Rd NE

Olympia, WA

98506 US",,WA,98506,47.10829163,-122.8706207
20665,WA,"987 Wanamaker Rd

Coupeville, WA

98239 US",2001,WA,98239,48.1981926,-122.6540756
22764,WA,"130 East Hazel Ave

Burlington, WA

98233 United States",2013,WA,98233,48.50091171,-122.3456573
20586,WA,"4041 Home Rd Ste A

Bellingham, WA

98226 US",2005,WA,98226,48.79648972,-122.4458847
20115,,"5917 195th St NE 

Arlington, WA 

98223 US",,WA,98223,48.21712112,-121.953537
20045,WA,"828 Poplar Place S.

Seattle, WA

98144 US",2009,WA,98144,47.58562851,-122.2919617
20128,"OR,WA","3211 Martin Luther King Jr Way S, Suite B

Seattle, WA

98144 US",2007,WA,98144,47.58562851,-122.2919617
20343,WA,"2910 First Avenue S. Suite 201

Seattle, WA

98134 US",2008,WA,98134,47.58106232,-122.33815
20538,WA,"4044 23rd Ave W

Seattle, WA

98119 US",,WA,98119,47.6386795,-122.3709488
1911,WA,"4546 Leary Way NW

Seattle, WA

98107 United States",2006,WA,98107,47.66752625,-122.3775482
21711,WA,"5014 208th ST SW

Lynnwood, WA

98036 United States",2013,WA,98036,47.80970764,-122.2803955
566,"CO,CT,MA,OR","50 SE Scott St, Building 13

Bend, OR

97702 United States",1988,OR,97702,44.00062561,-121.2338104
21414,"CO,CT,MA,OR","50 SE Scott St, Building 13

Bend, OR

97702 United States",1988,OR,97702,44.00062561,-121.2338104
20916,OR,"330 E Hersey St.

Ashland, OR

97520 US",2010,OR,97520,42.1900177,-122.564537
21641,OR,"804 N Alberta

Portland, OR

97217 United States",1991,OR,97217,45.60181427,-122.700798
252,,"435 Otteson Dr

Chico, CA

95928 United States",,CA,95928,39.68571091,-121.8440857
21800,CA,"9265 Beatty Drive

Sacramento, CA

95826 United States",2005,CA,95826,38.54384995,-121.3782806
21185,CA,"2184 7th Ave

Sacramento, CA

95818 US",2009,CA,95818,38.55448532,-121.4970551
214,,"6020 West Oaks Blvd, Ste 300

Rocklin, CA

95765 United States",,CA,95765,38.81860352,-121.2780838
21678,CA,"5170 Golden Foothill Parkway

El Dorado Hills, CA

95762 United States",2001,CA,95762,38.68368912,-121.0647278
21448,CA,"3189 Fitzgerald Road

Rancho Cordova, CA

95742 United States",2008,CA,95742,38.56220245,-121.2046967
21311,"CA,NV,OR","660 Quail Haven Rd

Colfax, CA

95713 US",2007,CA,95713,39.11183167,-120.8779678
21676,CA,"4980 Allison Parkway

Vacaville, CA

95688 US",2000,CA,95688,38.40856934,-122.0227737
20374,"CA,NV,OR","1030 Winding Creek Road #100

Roseville, CA

95678 US",2001,CA,95678,38.76402283,-121.2875061
21872,"AZ,CA,HI,NV","4401 Granite Dr. 

Rocklin, CA

95677 US",2011,CA,95677,38.79107666,-121.2348557
22698,"CA,HI","2543 Warren Drive

Rocklin, CA

95677 United States",2013,CA,95677,38.79107666,-121.2348557
21611,CA,"8200 hwy 49

Garden Valley, CA

95633 US",2013,CA,95633,38.84021759,-120.8297577
21845,CA,"160 Blue Ravine Rd, Suite B

Folsom, CA

95630 United States",2014,CA,95630,38.66659546,-121.1416321
22843,CA,"8328 Olivine Ave.

Citrus Heights, California

95610 United States",2004,CA,95610,38.69490814,-121.2717667
21789,CA,"1855 Industrial Dr.

Auburn, CA

95603 United States",2001,CA,95603,38.91587067,-121.0802841
20636,CA,"7171 Evan Ave

Sebastopol, CA

95472 US",2009,CA,95472,38.39881516,-122.8619232
21357,CA,"5600 Skylane Blvd Ste. 104

Santa Rosa, CA

95403 United States",2007,CA,95403,38.503685,-122.7540588
21394,CA,"551 N Tully Rd

Turlock, CA

95380 United States",2014,CA,95380,37.47439575,-120.8759155
22771,CA,"623 Bitritto Ct

Modesto, California

95356 US",2014,CA,95356,37.71848679,-121.0323563
20982,"CA,CT,GA,HI,MD,MA,MN,NH,NJ,NY,NC,PA,RI,SC,UT","1869 Moffat Blvd

Manteca, CA

95336",2004,CA,95336,37.83026886,-121.2010193
108,"AZ,AR,CA,CO,CT,DE,DC,FL,GA,HI,ID,KS,LA,ME,MD,MA,MI,MN,MS,MT,NE,NV,NH,NJ,NM,NY,NC,OH,OK,OR,PA,RI,SC,TN,TX,UT,VT,VA,WA,WI,WY","77 Rio Robles

San Jose, CA

95134 United States",,CA,95134,37.4286232,-121.9433975
20562,"AZ,AR,CA,CO,CT,DE,DC,FL,GA,HI,ID,KS,LA,ME,MD,MA,MI,MN,MS,MT,NE,NV,NH,NJ,NM,NY,NC,OH,OK,OR,PA,RI,SC,TN,TX,UT,VT,VA,WA,WI,WY","77 Rio Robles

San Jose, CA

95134 United States",,CA,95134,37.4286232,-121.9433975
21593,CA,"838 Charcot Ave.

San Jose, CA

95131 United States",2011,CA,95131,37.38710403,-121.8974152
20131,CA,"1702-L Meridian Ave, #323

San Jose, CA

95125 US",2009,CA,95125,37.29505539,-121.8914413
117,,"100 Century Center, Suite 501

San Jose, CA

95112 United States",,CA,95112,37.34448242,-121.8835373
1111,CA,"1445 Koll Circle, Suite 109

San Jose, CA

95112 United States",2007,CA,95112,37.34448242,-121.8835373
22361,CA,"1624 Remuda Ln

San Jose, California

95112 United States",2008,CA,95112,37.34448242,-121.8835373
21577,CA,"P.O. Box 125

Soquel, CA

95073 United States",2006,CA,95073,37.0422554,-121.9300537
20924,CA,"705 N. Branciforte Ave

Santa Cruz, CA

95062 US",1998,CA,95062,36.97052383,-121.9874878
20672,CA,"719 Swift Street, Suite 13

Santa Cruz, CA

95060 US",1986,CA,95060,37.03646088,-122.1217499
20292,CA,"387 Coral Street

Santa Cruz, CA

95060 US",2012,CA,95060,37.03646088,-122.1217499
20663,CA,"387 Coral Street

Santa Cruz, CA

95060 US",2012,CA,95060,37.03646088,-122.1217499
20626,CA,"477 Valley Way

Milpitas, CA

95035 US",2009,CA,95035,37.44363785,-121.8749542
21267,CA,"1130 Wilderfield Rd

Los Gatos, CA

95033 United States",2002,CA,95033,37.16084671,-121.983963
21210,"CA,FL,MO","2100 McDowell Street

Petaluma, CA

94954 US",,CA,94954,38.23500824,-122.5573654
20660,CA,"855 Marina Bay Pkwy

Richmond, CA

94805 US",2010,CA,94805,37.94279861,-122.3229218
20958,"CA,NY","300 Frank Ogawa Plaza, Suite 610

Oakland , CA

94612 US",2015,CA,94612,37.80877304,-122.269165
3247,"AK,AZ,AR,CA,CO,CT,DE,DC,FL,GA,HI,IL,IN,KS,ME,MA,NE,NV,NH,NJ,NM,NY,NC,OK,OR,RI,SD,TX,UT,VT,VA,WA,WV,WY","300 Lakeside Dr., 24th Floor

Oakland, CA

94612 United States",,CA,94612,37.80877304,-122.269165
21393,CA,"1221 Broadway, 4th floor

Oakland, CA

94612 US",,CA,94612,37.80877304,-122.269165
1609,,"7980 Enterprise Dr

Newark, CA

94560 United States",,CA,94560,37.50451279,-122.0329132
20122,,"3347 Gateway Boulevard

Fremont, CA

94538 US",,CA,94538,37.50136948,-121.9567566
20083,"AL,AK,AZ,AR,CA,CO,CT,DE,DC,FL,GA,HI,ID,IL,IN,IA,KS,KY,LA,ME,MD,MA,MI,MN,MS,MO,MT,NE,NV,NH,NJ,NM,NY,NC,ND,OH,OK,OR,PA,RI,SC,SD,TN,TX,UT,VT,VA,WA,WV,WI,WY","1820 Gateway Drive, Suite #170

San Mateo, CA

94404 USA",,CA,94404,37.55599976,-122.2676773
452,"AZ,CA,CO,CT,DE,HI,MD,MA,NV,NH,NJ,NM,NY,OR,PA,RI,TX,UT,VT,WA","3055 Clearview Way

San Mateo, CA

94402 United States",,CA,94402,37.52360153,-122.3449173
20654,"AZ,CA,CO,CT,DE,FL,GA,HI,IL,MD,MA,MI,MO,NH,NJ,NM,NY,NC,OR,RI,SC,TX,UT,VA","3661 Buchanan Street, Third Floor

San Francisco, CA

94123 US",,CA,94123,37.80093384,-122.4383698
20030,CA,"6 Persia Avenue

San Francisco, CA

94112 US",2011,CA,94112,37.72036743,-122.4429398
21813,CA,"300 Montgomery St. Ste 730

San Francisco, CA

94104 United States",2011,CA,94104,37.79141235,-122.4021301
22725,CA,"142 S VAN NESS

SAN FRANCISCO, CA

94103 US",2011,CA,94103,37.7731514,-122.4111633
1405,CA,"164 Main Street

Los Altos, CA

94022 United States",2013,CA,94022,37.3574791,-122.1444397
21838,CA,"164 Main Street

Los Altos, CA

94022 United States",2013,CA,94022,37.3574791,-122.1444397
20946,CA,"2840 Yosemite Springs Parkway, Suite E

Coarsegold, CA

93614 US",2002,CA,93614,37.20981979,-119.7498016
21304,CA,"2565 Alluvial Ave. 

Clovis, CA

93611 US",2007,CA,93611,36.82445145,-119.6800308
20688,CA,"PO Box 70

Auberry, CA

93602 US",1991,CA,93602,37.0288353,-119.3166504
21175,CA,"812 Bryann St

Ridgecrest, CA

93555 United States",2009,CA,93555,35.60651016,-117.6834717
20938,CA,"4700 El Camino Real

Atascadero, CA

93422 US",1975,CA,93422,35.46534729,-120.6894379
21709,CA,"8803 Scobee St

Bakersfield, CA

93311 United States",2008,CA,93311,35.1924057,-119.1758652
21567,CA,"5380 Overpass Rd, Suite B

Santa Barbara, CA

93111 US",2008,CA,93111,34.44918442,-119.8047791
6270,CA,"358 S Wheeler Place

Orange County, CA

92869 United States",2016,CA,92869,33.80844879,-117.7917404
21973,CA,"358 S Wheeler Place

Orange County, CA

92869 United States",2016,CA,92869,33.80844879,-117.7917404
21367,CA,"440 Goddard

Irvine, CA

92618 United States",,CA,92618,33.66960526,-117.7360382
21442,"CA,UT","126 Newall

Irvine , Ca

92618 United States",2009,CA,92618,33.66960526,-117.7360382
21242,CA,"2372 Morse Ave, Suite # 176

Irvine, CA

92614 United States",2011,CA,92614,33.68021011,-117.8333588
395,CA,"Temecula, California

92591 United States",2006,CA,92591,33.53523636,-117.104866
22574,CA,"Temecula, California

92591 United States",2006,CA,92591,33.53523636,-117.104866
21271,CA,"3570 W. Florida Ave

Hemet, CA

92545 United States",,CA,92545,33.72968292,-117.0341949
21384,CA,"1525 Marlborough Avenue, Suite F

Riverside, CA

92507 United States",2010,CA,92507,33.97100449,-117.3251801
21438,CA,"3080 12th St.

Riverside, CA

92507 United States",2008,CA,92507,33.97100449,-117.3251801
22406,CA,"San Bernaedino, Ca

92404 United States",2014,CA,92404,34.1783371,-117.2514572
21535,CA,"2277 LA CROSSE AVE #301B

Colton, CA

92324 United States",2010,CA,92324,34.02568436,-117.2888107
20668,CA,"5725 Kearny Villa Rd, suite d

San Diego, California

92123 United States",2007,CA,92123,32.80677414,-117.1349411
21643,CA,"7394 Trade St

San Diego, CA

92121 United States",,CA,92121,32.89959335,-117.2012024
21170,CA,"6339 Nancy Ridge Drive

San Diego, CA

92121 United States",2009,CA,92121,32.89959335,-117.2012024
21840,CA,"4562 Alvarado Canyon Rd, Suite R

San Diego, CA

92120 United States",2001,CA,92120,32.79467392,-117.0711746
21328,CA,"109 1/2 Orange Ave

San Diego , CA

92118 US",2002,CA,92118,32.68806076,-117.2037582
20712,CA,"1611 A South Melrose Dr. #181

Vista, CA

92081 US",2004,CA,92081,33.16433334,-117.2402878
21342,CA,"Oceanside, CA

92058 US",2008,CA,92058,33.25527191,-117.4242935
22979,CA,"1939 Friendship Drive, Suite F

El Cajon, CA

92037 United States",2013,CA,92037,32.85634613,-117.250061
4382,CA,"1526 Sterling Ct

Escondido, CA

92029 United States",,CA,92029,33.08240128,-117.1276398
21360,CA,"520 Valley Meadow Pl

Escondido, CA

92027 United States",2010,CA,92027,33.13115692,-116.9769974
22593,CA,"320 E 2nd Avenue, Ste 101

Escondido, CA

92025 United States",2014,CA,92025,33.12699127,-117.1050339
21704,CA,"9410 Bond Avenue

El Cajon, CA

92021 United States",2004,CA,92021,32.83879852,-116.869957
22383,CA,"642 Palomar Street Suite 406

CHULA VISTA, California

91911 United States",2010,CA,91911,32.60818481,-117.054512
22339,"AZ,CA","2005 Via Dieguenos

Alpine, CA

91901 US",2011,CA,91901,32.80856323,-116.7100754
21975,CA,"1260 E Locust St Ste 301

Ontario, CA

91761 United States",2006,CA,91761,34.03560257,-117.5915298
21358,"CA,FL,GA,NV,TX","800 S Rochester Ave #B

Ontario, CA

91761 United States",2008,CA,91761,34.03560257,-117.5915298
21536,CA,"1609 South Grove Ave. #112

Ontario, CA

91761 United States",2014,CA,91761,34.03560257,-117.5915298
22238,CA,"1925 mckinley ave, Suite G

La Verne, CALIFORNIA

91750 United States",2013,CA,91750,34.17964172,-117.7743073
22879,CA,"5301 LAUREL CANYON BLVD SUITE 223

VALLEY VILLAGE, CA

91607 United States",2010,CA,91607,34.16578293,-118.3997955
22521,"CA,CO,GA,MO,NM,NC,PA,SC,TX","6400 Laurel Canyon Blvd

North Hollywood, California

91606 United States",2014,CA,91606,34.18576813,-118.3883209
21291,CA,"6850 Van Nuys Blvd

Van Nuys, California

91405 United States",2010,CA,91405,34.19982529,-118.4476089
20951,CA,"2625 Townsgate Road, Suite 330

Westlake Village, CA

91361 United States",1995,CA,91361,34.13600159,-118.8886337
21884,CA,"7842 Clybourn Ave

Sun Valley, CA

91352 United States",2015,CA,91352,34.23085403,-118.3658524
22596,CA,"9736 Variel Avenue

Chatsworth, CA

91311 US",2013,CA,91311,34.29242706,-118.6023178
1458,,"P.O. BOX 4997

West Hills, CA

91308 United States",,CA,91308,,
20701,CA,"7012 Owensmouth Ave.

Canoga Park, CA

91303 US",2000,CA,91303,34.19829178,-118.600914
20039,CA,"7012 Owensmouth Ave.

Canoga Park, California

91303 US",,CA,91303,34.19829178,-118.600914
22012,CA,"6912 Owensmouth Ave Suite 103

Canoga Park, CA

91303 US",2007,CA,91303,34.19829178,-118.600914
21398,CA,"614 W. Colorado Street

Glendale, CA

91204 United States",2008,CA,91204,34.13619232,-118.2609329
22362,CA,"460 E Calaveras St

Altadena, CA

91001 United States",2012,CA,91001,34.19448853,-118.1382599
22735,CA,"8201 Orangethorpe Ave. Ste. D

Buena Park, CA

90621 United States",2006,CA,90621,33.87422562,-117.9933701
21581,CA,"2204 Euclid St.

Santa Monica, CA

90405 United States",2002,CA,90405,34.01131058,-118.4697647
21313,CA,"4640 Admiralty Way, Suite 500

Marina Del Rey, CA

90292 United States",2012,CA,90292,33.97646332,-118.4552689
21898,CA,"2337 Roscomare Rd., Suite 11

Bel Air, California

90077 United States",2012,CA,90077,34.1080246,-118.4569626
22812,CA,"5244 Townsend Ave

Los Angeles, CA

90041 United States",1999,CA,90041,34.13741302,-118.2076035
21614,CA,"5670 Wilshire Blvd, Suite 1800

Los Angeles, CA

90036 United States",2013,CA,90036,34.07041168,-118.3504105
21866,"AZ,CA,DC,MD,NJ,NY","7083 Hollywood Blvd

Los Angeles, CA

90028 United States",2015,CA,90028,34.09991074,-118.3269119
22347,"AZ,CA,NY,RI,SC,TX","479 Dalehurst Ave.

Los Angeles, CA

90024 United States",2013,CA,90024,34.06573868,-118.4350281
22511,NV,"2708 S. Highland Drive

Las Vegas, NV

89109 United States",2008,NV,89109,36.1317215,-115.1683807
21524,NV,"4305 Dean Martin Dr, #150

Las Vegas, NV

89103 US",,NV,89103,36.11183929,-115.2116699
20656,NV,"3863 S. Valley View Blvd., 2

Las Vegas, NV

89103 US",2009,NV,89103,36.11183929,-115.2116699
21513,NV,"137 N. Gibson Rd

Henderson, Nv

89014 United States",2008,NV,89014,36.06171799,-115.0580597
21441,"AZ,NV","400 Mark Leany

Henderson, NV

89011 United States",2014,NV,89011,36.07471848,-114.9853058
22759,NM,"8600 Pan American Fwy NE

Albuquerque, NM

87113 United States",2014,NM,87113,35.18098831,-106.5936203
20087,NM,"4840 Pan American East Fwy NE

Albuquerque, NM

87109 US",1998,NM,87109,35.15166855,-106.5749435
21921,NM,"3267 Candelaria Road Northeast

Albuquerque, NM

87107 United States",2015,NM,87107,35.13779831,-106.64254
22375,AZ,"1097 East Gurley Street

Prescott, Arizona

86301 United States",2012,AZ,86301,34.5870285,-112.429039
964,AZ,"9895 East Paseo San Rosendo

Tuscon, AZ

85747 USA",,AZ,85747,32.09498215,-110.7654343
21707,"AZ,CA","811 S Santa Rita Ave.

Tucson, AZ

85719 United States",2008,AZ,85719,32.24670792,-110.9486542
3250,AZ,"3250 S Dodge Blvd

Tucson, AZ

85713 United States",2012,AZ,85713,32.19456863,-111.0149918
22337,AZ,"3250 S Dodge Blvd

Tucson, AZ

85713 United States",2012,AZ,85713,32.19456863,-111.0149918
1951,AZ,"612 N 7th Ave.

Tucson, AZ

85705 United States",2003,AZ,85705,32.27132797,-110.9937134
21598,AZ,"2521 N Fairview Ave

Tucson, AZ

85705 United States",2012,AZ,85705,32.27132797,-110.9937134
21206,"AZ,CA,TX","2720 South Hardy Drive, # 4

Tempe, AZ

85282 United States",2009,AZ,85282,33.39398575,-111.9329071
20573,AZ,"1230 West 23rd Street 

Tempe, AZ

85282 US",2001,AZ,85282,33.39398575,-111.9329071
21648,AZ,"9393 N. 90th Street #102-353

Scottsdale, AZ

85258 United States",2013,AZ,85258,33.56429672,-111.8958817
21648,AZ,"9393 N. 90th Street #102-353

Scottsdale, AZ

85258 United States",2013,AZ,85258,33.56429672,-111.8958817
21648,AZ,"9393 N. 90th Street #102-353

Scottsdale, AZ

85258 United States",2013,AZ,85258,33.56429672,-111.8958817
21444,AZ,"4522 N 22nd Way

Phoenix, AZ

85018 United States",2010,AZ,85018,33.50595474,-111.9853897
22773,UT,"1640 West 4900 South

Sterling, Utah

84665 United States",5,UT,84665,39.19568253,-111.6702499
20920,"CA,NV","5255 N Edgewood Drive #125

Provo, UT

84604 US",2013,UT,84604,40.31866074,-111.5769577
22401,"CO,ID,UT","602 W Confluence Ave.

Salt Lake City, UT

84123 United States",2012,UT,84123,40.65889359,-111.9216309
22409,UT,"4892 S Commerce Drive, Suite C

Murray, Utah

84107 United States",2011,UT,84107,40.65803528,-111.8844452
20228,"AL,AK,AZ,AR,CA,CO,CT,DE,DC,FL,GA,HI,ID,IL,IN,IA,KS,KY,LA,ME,MD,MA,MI,MN,MS,MO,MT,NE,NV,NH,NJ,NM,NY,NC,ND,OH,OK,OR,PA,RI,SC,SD,TN,TX,UT,VT,VA,WA,WV,WI,WY","1245 E. Brickyard Road Suite 600

Salt Lake City, UT

 84106 US",,UT,84106,40.70675278,-111.8556595
22961,UT,"2391 South 1560 West Ste C

Woods Cross, Utah

84087 United States",2014,UT,84087,40.88491821,-111.9322433
21657,"ID,UT","5647 W Wells Park rd

West Jordan, UT

84081 United States",2015,UT,84081,40.60281754,-112.0376205
22589,"NV,RI,SC,TX,UT","1055 S 1675 W

Orem, UT

84058 United States",2015,UT,84058,40.28774261,-111.7279205
21423,"AZ,CA,CT,DC,FL,HI,MD,MA,NH,NJ,NM,NY,PA,SC,TX,UT","1800 W Ashton Blvd

Lehi, UT

84043 United States",2011,UT,84043,40.41030884,-111.8763046
22308,UT,"PO Box 431

Kaysville, UT

84037 US",,UT,84037,41.02666855,-111.9505615
20642,"CO,UT,WY","1111 South 7th St 

Grand Junction, CO

81501 US",1979,CO,81501,39.07184982,-108.5471344
20702,CO,"P. O. Box 773

Salida, CO

81201 US",1994,CO,81201,38.55483246,-106.06604
22439,CO,"184 S Tiffany Dr. #106

Pueblo West, CO

81007 United States",2015,CO,81007,38.36004257,-104.773201
20370,CO,"919 E. Fillmore St

Colorado Springs, CO

80907 US",2008,CO,80907,38.87823105,-104.8270187
21450,"CO,WY","430 N College Avenue

Fort Collins, CO

80524 United States",2015,CO,80524,40.6468544,-105.0295181
1865,"AZ,CO,WY","2108 Grant Street

Longmont, CO

80501 United States",2006,CO,80501,40.16483688,-105.1031799
3455,CO,"614 10th St

Golden, CO

80401 USA",2006,CO,80401,39.71887207,-105.2353439
21161,CO,"512 Ponderosa Dr

Boulder, CO

80303 United States",2009,CO,80303,39.97322083,-105.2092743
22986,CO,"175 Dale Court

Denver, Colorado

80219 United States",1995,CO,80219,39.69529343,-105.0355988
6200,"CA,CO,CT,HI,MA,NH,NJ,NY,RI,VT","110 16th Street, Suite 300

Denver, CO

80202 United States",1978,CO,80202,39.75190735,-104.9976349
21992,"CA,CO","3221 W Hampden Ave

Denver, CO

80110 United States",2013,CO,80110,39.64593506,-105.0113678
21910,CO,"PO Box 6756

Broomfield, CO

80021 United States",2011,CO,80021,39.89066315,-105.1137238
20574,TX,"1905B Kramer Ln. #600

Austin, TX

78758 US",2009,TX,78758,30.38798714,-97.70684814
21218,TX,"440 E St Elmo Rd, Suite B

Austin, TX

78745 United States",2013,TX,78745,30.20685005,-97.79737854
21517,TX,"4111 Todd Ln

Austin, TX

78744 United States",2003,TX,78744,30.17680931,-97.7258606
1397,TX,"210 Cole St. 

Austin, TX

78737 United States",2007,TX,78737,30.19024658,-97.95690918
20968,"FL,LA,NC,TX","5321 Industrial Oaks Boulevard Suite 105

Austin, Texas

78735 US",,TX,78735,30.26912117,-97.86881256
22369,"CO,ID,TX,UT","7500 Rialto Blvd. Bldg. #1 Suit 250

Austin, Texas

78735 United States",2014,TX,78735,30.26912117,-97.86881256
21810,TX,"201 S. Lakeline Blvd

Cedar Park, TX

78613 US",,TX,78613,30.50391006,-97.8241806
22580,TX,"Buda, TX

78610 United States",2015,TX,78610,30.0785141,-97.8380127
21455,TX,"500 E. Hackberry St. Suite 210 

McAllen, TX

78501 United States",2015,TX,78501,26.2158165,-98.23959351
22438,TX,"110 E Houston St

San Antonio, TX

78205 US",5,TX,78205,29.42394447,-98.48641968
21700,TX,"4101 Greenbriar Dr #205b

Houston, TX

77098 United States",2010,TX,77098,29.73481369,-95.41609955
22330,TX,"4101 Greenbriar Dr #205b

Houston, TX

77098 United States",2010,TX,77098,29.73481369,-95.41609955
21382,"CO,DC,LA,MD,NM,TX,VA","6065 Hillcroft Street

Houston, TX - Texas

77081 United States",2011,TX,77081,29.71209908,-95.48093414
20341,"CO,DC,LA,MD,NM,TX,VA","6065 Hillcroft Street

Houston, TX - Texas

77081 United States",2011,TX,77081,29.71209908,-95.48093414
22509,TX,"6363 Woodway Drive, Suite 415

Houston, Texas

77057 United States",2011,TX,77057,29.7440815,-95.48797607
21102,TX,"705 Shepherd Dr

Houston, TX

77007 US",2010,TX,77007,29.77154541,-95.41107941
22470,TX,"9203 Ashlyn Dr.

Killeen, Texas

76542 United States",2017,TX,76542,31.01037216,-97.74151611
22421,"OK,TX","1300 E Wise

Bowie, Texas

76230 US",2016,TX,76230,33.52057266,-97.95612335
21812,TX,"221 W. Exchange Ave., Ste. 307

Fort Worth, TX

76164 United States",2004,TX,76164,32.78110123,-97.35458374
22904,"OK,TX","1223 Corporate Dr E, Ste F

Arlington, Texas

76006 United States",2016,TX,76006,32.78493118,-97.09991455
20397,"OK,TX","3335 Carriage Circle

Sherman, TX

75092 US",1983,TX,75092,33.65206528,-96.70026398
21658,"OK,TX","1300 E Arapaho Rd

Richardson, TX

75081 United States",2014,TX,75081,32.94891739,-96.7097168
20731,"AR,CA,CO,CT,DE,FL,MD,MA,NJ,NM,NY,RI,TX,VA","1022 East 15th Street

Plano, TX

75074 United States",2005,TX,75074,33.03156281,-96.67316437
21376,"AR,CA,CO,CT,DE,FL,MD,MA,NJ,NM,NY,RI,TX,VA","1022 East 15th Street

Plano, TX

75074 United States",2005,TX,75074,33.03156281,-96.67316437
21378,"OK,TX","5000 Eldorado Parkway, Suite 150

Frisco, TX

75033 United States",2015,TX,75033,,
22358,"LA,MS","920 Poeyfarre Street #220

New Orleans, LA

70130 United States",2012,LA,70130,29.93735313,-90.06964874
20403,LA,"2130 Octavia

New Orleans, LA

70115 US",,LA,70115,29.92392921,-90.10248566
20699,"AL,AZ,AR,CA,CO,CT,DE,DC,FL,GA,ID,IL,IN,IA,KS,KY,LA,ME,MD,MA,MI,MN,MS,MO,MT,NE,NV,NH,NJ,NM,NY,NC,ND,OH,OK,OR,PA,RI,SC,SD,TN,TX,UT,VT,VA,WA,WV,WI,WY","7500 College Boulevard, Suite 500

 Overland Park, KS

66210 US",2010,KS,66210,38.92218781,-94.70458984
23062,"AR,FL,IL,IA,KS,MO","2513 Oakmeadows Drive

Columbia, MO

65202 United States",2010,MO,65202,39.02037048,-92.29653168
22222,"KS,MO","2420 E Truman Rd

Kansas City, MO

64127 United States",2006,MO,64127,39.08913803,-94.53853607
21906,"KS,MO","4741 Central Street, Suite 543

Kansas City, Missouri

64112 United States",2016,MO,64112,39.0359726,-94.59519196
22468,"KS,MO","2949 McGee Trafficway Ste# 1

Kansas City, Missouri (MO)

64108 United States",2012,MO,64108,39.08489609,-94.58647156
21942,"KS,MO","3100 N Miller Dr

Independence, mo

64058 United States",2013,MO,64058,39.17385483,-94.31356049
1199,"IL,IN,NY,WI","2350 W. Grand ave.

Chicago, Illinois

60612 United States",,IL,60612,41.88031387,-87.68774414
20545,IL,"1965 W Pershing

Chicago, IL

60609 US",2012,IL,60609,41.81267929,-87.65693665
21516,"AZ,CA","P.O. Box 207

Naperville, IL

60566 US",,IL,60566,,
21983,IL,"219 North Prospect

Roselle, IL

60172 United States",2007,IL,60172,41.97985077,-88.08963013
21538,IL,"204 Dearborn Ct. #105

Geneva, IL

60134 United States",2005,IL,60134,41.87834167,-88.34207153
21717,"IL,IN,MN,MO,NE,UT,WI","230 N Hicks Pl

Palatine, IL

60067 United States",2012,IL,60067,42.10632324,-88.06433868
20507,"IL,WI","4735 Locust Ave,

Glenview, IL

60025 US",,IL,60025,42.07519913,-87.82102966
21350,"MN,WI","1449 Ridgewood Dr

Winona, MN

55987 United States",2010,MN,55987,43.99424744,-91.6254425
21320,"MN,ND,SD,WI","6347 Glacier Lane North

Maple Grove, MN

55311 US",2005,MN,55311,45.10640335,-93.49703217
20385,"IA,MA,MN,WI","1642 Carroll Ave

St Paul, MN

55104 US",2009,MN,55104,44.95389557,-93.16444397
22591,"MN,WI","P.O. Box 207

St. Francis, MN

55070 United States",2014,MN,55070,45.41003036,-93.38698578
21818,"IL,IN,MI,WI","E2614 Bags Hill Rd. 

Waupaca, WI

54981 US",2014,WI,54981,44.32266235,-89.13150024
21318,WI,"3201 Latham Dr.

Madison, WI

53713 US",2003,WI,53713,43.0360527,-89.3868866
1341,,"508 N. 2nd Street

Fairfield, IA

52556 United States",,IA,52556,41.02420044,-91.92754364
20356,"IL,IN,IA,KY,MI,MN,OH,TN,WI","2218 East High Street

Jackson, MI

49203 US",,MI,49203,42.22183609,-84.3966217
20520,MI,"509 Sherbrooke

Commerce, MI

48382 US",2008,MI,48382,42.59239578,-83.50636292
20682,MI,"645 Melbourne St. 

Detroit, MI

48202 US",2007,MI,48202,42.37478638,-83.07772064
21645,MI,"645 Melbourne St. 

Detroit, MI

48202 US",2007,MI,48202,42.37478638,-83.07772064
20620,,"416 W. Huron St., Ste 20

Ann Arbor, MI

48103 US",,MI,48103,42.26134872,-83.84645844
21541,IN,"2114 E Washington St STE A

Indianapolis, Indiana

46201 United States",2012,IN,46201,39.7741394,-86.10919952
20729,OH,"2411 Crosspointe Dr

Miamisburg, OH

45342 US",2010,OH,45342,39.62933731,-84.27597046
20109,"IN,KY,OH","50 W. Technecenter Dr. Suite K

Milford, OH

45150 US",2009,OH,45150,39.16637802,-84.23030853
20107,"FL,IL,IN,KY,MI,NY,OH,PA,WV","1925 St. Clair Ave NE Suite #250

Cleveland, Oh

44114 US",2009,OH,44114,41.52024841,-81.67861938
21188,OH,"1857 Northwest Blvd,

Columbus, OH

43212 US",2009,OH,43212,39.98656464,-83.04319763
21459,OH,"3100

London, OH

43140 United States",2009,OH,43140,39.88011169,-83.42857361
21889,"IN,KY,MI,OH,PA","6262 Eiterman Road

Dublin, Ohio

43016 United States",2015,OH,43016,40.0974617,-83.15020752
21226,"AL,AK,DC,FL,GA,KY,LA,NC,SC,TN,TX,VA,WV","895 Cherokee Blvd

Chattanooga, TN

37405 United States",2007,TN,37405,35.12040329,-85.40782928
20375,"AL,KY,TN","3026 Owen Dr, Ste 104

Antioch, TN

37013 US",,TN,37013,36.05199051,-86.63285828
21164,FL,"866 Duncan Ave

Kissimmee, FL

34744 US",2001,FL,34744,28.29875374,-81.34347534
23027,FL,"4258 Palm Harbor Blvd

PALM HARBOR, FL

34683 United States",2012,FL,34683,28.08770561,-82.76113129
22371,FL,"8721 Casper Ave.

Hudson, FL

34667 US",2006,FL,34667,28.39142036,-82.66278076
21510,FL,"4553 Grand Blvd #204

New Port Richey, FL

34652 United States",,FL,34652,28.24055481,-82.74435425
1774,FL,"6935 15th St E, Ste 120

Sarasota, FL

34243 United States",1985,FL,34243,27.40099144,-82.52794647
21286,FL,"3420 SW 7th Lane

Cape Coral, Florida

33991 United States",2007,FL,33991,26.62503624,-82.02358246
22003,FL,"7900 Interstate Ct.

North Fort Myers, FL

33917 United States",2009,FL,33917,26.73860741,-81.84477997
22594,FL,"921 E Parker st

Lakeland, FL

33801 United States",2016,FL,33801,28.03597832,-81.89963531
22729,FL,"3734 131st Ave N, Suite 8

Clearwater, Fl

33762 United States",2013,FL,33762,27.90112495,-82.68223572
22678,"FL,OH","5901 Sun Blvd

St Petersburg, Florida

33715 United States",2006,FL,33715,27.66267967,-82.72240448
22977,FL,"5555 West Waters Ave N

Tampa, FL

33634 US",2015,FL,33634,28.00982666,-82.54779053
21713,FL,"4640 Eagle Falls Place

Tampa, FL

33619 United States",2009,FL,33619,27.9353714,-82.37869263
22367,FL,"Riverview, FL

33568 United States",2010,FL,33568,,
21791,,"555 S. Federal Hwy, #200

Boca Raton, FL

33432 US",,FL,33432,26.34390259,-80.08273315
22784,FL,"2300 Palm Beach Lakes Blvd Ste 214

West Palm Beach, FL

33409 United States",,FL,33409,26.71455956,-80.09581757
21260,FL,"313 Datura Street Suite 101

West Palm Beach, FL

33401 United States",2014,FL,33401,26.71593666,-80.07040405
21189,"FL,NY","5320 NW 55th Blvd

Coconut Creek, FL

33073 United States",2001,FL,33073,26.29816628,-80.18209839
494,,"314 NW 9 Avenue

Homestead, FL

33030 United States",,FL,33030,25.48514748,-80.51087952
22653,FL,"3319 Bartlett Blvd

Orlando, FL

32839 United States",2013,FL,32839,28.48806953,-81.4072113
22528,FL,"6236 KINGSPOINTE PKWY SUITE 6 

Orlando, FL

32819 United States",2014,FL,32819,28.45370483,-81.47237396
1307,,"6250 Edgewater Drive, Suite 700

Orlando, FL

32810 United States",,FL,32810,28.6240921,-81.4308548
22803,FL,"895 Diplomat Drive Suite 106E

Debary, FL

32720 United States",2017,FL,32720,29.00337219,-81.36858368
21213,FL,"925 Sunshine Lane #1010

Altamonte Springs, FL

32714 US",2001,FL,32714,28.66248703,-81.41160583
21330,FL,"185 S Charles Richard Beall Blvd

Debary, FL

32713 United States",1997,FL,32713,28.88372993,-81.32528687
262,,"927 Fern Street

Altamonte Springs, FL

32701",,FL,32701,28.66562462,-81.3703537
21395,FL,"408 W University Ave, Suite 600B

Gainesville, FL

32601 United States",2009,FL,32601,29.64896965,-82.32494354
20049,FL,"1523 Ridgewood Avenue

Holly Hill, FL

32117 United States",2006,FL,32117,29.23558807,-81.06397247
22298,"GA,NC,SC,TN","3355 Lenox Rd Ste 750

Atlanta, GA

30326 United States",2010,GA,30326,33.84951782,-84.3639679
22972,"AL,AZ,CT,FL,GA,MS,NJ,NY,NC,PA,SC,TX","260 Peachtree St. NW suite2200

Atlanta, Georgia

30303 United States",2005,GA,30303,33.7532692,-84.38993835
22309,"CT,FL,GA,MO,NJ,NY,NC,SC,TN,TX","2725 Mountain Industrial Blvd, A-5

Tucker, GA

30084 United States",2015,GA,30084,33.85409546,-84.21615601
21211,"AL,GA,TN","1605 Mansell Road Suite D

Alpharetta, GA

30009 US",2001,GA,30009,34.0790863,-84.3052063
22779,"NC,SC","188 Will Bomar Rd

Greer, SC

29651 United States",2007,SC,29651,34.88682175,-82.15514374
21375,"NC,SC","8 Distribution Court

Greer, South Carolina

29650 United States",1997,SC,29650,34.89799118,-82.25801086
20400,"NC,SC","3931 Mega Drive St. 4

Myrtle Beach, South Carolina

29588 United States",2016,SC,29588,33.66243362,-79.03271484
22790,"NC,SC","3931 Mega Drive St. 4

Myrtle Beach, South Carolina

29588 United States",2016,SC,29588,33.66243362,-79.03271484
21389,SC,"1813 Reynolds Ave.

North Charleston, SC

29405 United States",2005,SC,29405,32.85625076,-79.98199463
21534,SC,"1519 King Street

Charleston, SC

29405 United States",2011,SC,29405,32.85625076,-79.98199463
21386,"GA,NC,SC","1101 Ferguson Street

Columbia, South Carolina

29201 United States",2015,SC,29201,33.98248672,-81.02810669
20666,"NC,SC","1 Haywood St, Ste 481

Asheville, NC

28801 US",2010,NC,28801,35.59453964,-82.55797577
20667,"NC,SC,TN","11 Salem Hill Road

Weaverville, NC

28787 US",1995,NC,28787,35.74124146,-82.51554871
21514,"NC,SC","6 Sugar Hollow Lane

Fairview, NC

28730 US",2011,NC,28730,35.51742172,-82.37804413
20606,"NC,SC","801 Pressley Road, Suite 100

Charlotte, NC

28217 US",2010,NC,28217,35.16874313,-80.90836334
21982,"AZ,CA,FL,GA,IL,NM,NC,SC,TX","112 Walnut Cove Dr. Unit B

Mooresville, NC

28117 United States",2009,NC,28117,35.56569672,-80.89833832
22967,"MI,NC,OH,SC,VA","919 N Main St

Mooresville, NC

28115 United States",2014,NC,28115,35.57540512,-80.7749176
21606,"NC,SC","8601 bendanna lane

monroe, nc

28110 United States",2009,NC,28110,35.06604385,-80.50908661
21860,"NC,SC","630 Davidson Gateway Dr, Suite 150

Davidson, NC

28036 United States",,NC,28036,35.48064423,-80.79260254
21118,NC,"891 West Star St.

Greenville, NC

27834 US",2007,NC,27834,35.65729523,-77.37918854
21738,NC,"4904 Elaine Ave

Raleigh, NC

27616 United States",2011,NC,27616,35.8665123,-78.54131317
20919,NC,"3401-101 Atlantic Avenue

Raleigh, NC

27604 US",2010,NC,27604,35.82291412,-78.56206512
1027,NC,"517 Mercury Street

Raleigh, NC

27603 United States",2008,NC,27603,35.66463852,-78.65249634
4386,NC,"101 Kitty Hawk Dr.

Morrisville, NC

27560 USA",2005,NC,27560,35.85787582,-78.82765961
22548,NC,"204 Deer Ridge Dr.

Chapel Hill, NC

27516 United States",2007,NC,27516,35.90619659,-79.15485382
20511,NC,"202 N. Dixon Ave

Cary, NC

27513 US",2009,NC,27513,35.80197906,-78.80257416
20033,NC,"300 N Greene St

                                Suite 200

Greensboro, NC

27401 US",,NC,27401,36.0691452,-79.76515961
20587,"NC,SC","90 Beechwood Dr

Lewisville, NC

27023 US",2008,NC,27023,36.0898056,-80.4566803
1791,,"534 Edwards Court

Newport News, VA

23608 United States",,VA,23608,37.14781189,-76.54303741
230,,"533 Byron Street Suite E

Chesapeake, VA

23320 USA",,VA,23320,36.76228714,-76.21164703
20472,"AL,AK,AZ,AR,CA,CO,CT,DE,DC,FL,GA,HI,ID,IL,IN,IA,KS,KY,LA,ME,MD,MA,MI,MN,MS,MO,MT,NE,NV,NH,NJ,NM,NY,NC,ND,OH,OK,OR,PA,RI,SC,SD,TN,TX,UT,VT,VA,WA,WV,WI,WY","919 E Main St

Richmond, VA

23219-4625 US",,VA,23219,37.53976822,-77.43553162
21862,VA,"367 N White Oak Dr

Madison, VA

22727 United States",2015,VA,22727,38.40759277,-78.29529572
22965,"DC,MD,VA","3305 Dye Dr

Falls Church, VA

22042 United States",2012,VA,22042,38.86502457,-77.1971283
20334,"DE,MD","703 East Pulaski Hwy

Elkton, MD

21921 US",2010,MD,21921,39.62714386,-75.8598938
20359,"DC,MD,VA,WV","4509 Metropolitan Court Unit H

Frederick, MD

21704 US",2004,MD,21704,39.3548851,-77.37590027
21157,MD,"Frederick, MD

21702 United States",2009,MD,21702,39.47913742,-77.44298553
20619,MD,"Frederick, MD

21702 United States",2009,MD,21702,39.47913742,-77.44298553
20955,"DE,DC,MD,VA","418 Oella Ave

Catonsville, MD

21228 US",2009,MD,21228,39.27285767,-76.7477417
20950,"DC,MD,VA","1514 Jabez Run #103

Millersville, MD

21108 US",2006,MD,21108,39.09030533,-76.6212616
20035,"DC,MD,VA","1514 Jabez Run #103

Millersville, MD

21108 US",2006,MD,21108,39.09030533,-76.6212616
20021,"DC,MD,NJ,PA","5681 Main St

Elkridge, MD

21075 US",2009,MD,21075,39.20409775,-76.74935913
1013,"CT,DE,DC,MD,MA,NH,NJ,NY,PA,RI","7101 Riverwood Drive

Columbia, MD

21046 United States",2007,MD,21046,39.17311478,-76.84202576
21562,"DC,MD,VA","9520 Gerwig Lane, Suite Q

Columbia, MD

21046 US",2004,MD,21046,39.17311478,-76.84202576
21331,MD,"8001 Hillsborough Road, Suite K

Ellicott City, MD

21043 United States",2009,MD,21043,39.25583649,-76.80149078
21556,MD,"2107 Emmorton Park Road Suite 116

Edgewood, MD

21040 United States",2009,MD,21040,39.43662643,-76.28975677
21882,"DC,MD,VA","The Watergate: 600 New Hampshire Ave NW – 11th floor

Washington, DC

20037 United States",2009,DC,20037,38.89888763,-77.05545807
22296,"DC,MD,VA","4700 14th St NW

Washington, DC

20011 US",2008,DC,20011,38.95251465,-77.02298737
20009,DC,"1875 Connecticut Ave NW

Washington, DC

20009 United States",2017,DC,20009,38.91914368,-77.03738403
20634,"DE,DC,MD,PA","812 Philadelphia Pike

Wilmington, DE

19809 US",,DE,19809,39.7577858,-75.50095367
20954,"DE,MD,PA","83A Albe Drive

Newark, DE

19702 US",2000,DE,19702,39.61819839,-75.72972107
21458,"FL,PA","1505 Hilltop Road

Leesport, PA

19533 United States",2010,PA,19533,40.42517471,-75.99267578
20317,"DE,DC,MA,NJ,NY,PA","1508 N. American St

Philadelphia, PA

19122 US",2008,PA,19122,39.97774506,-75.14589691
20161,"NJ,NY,PA","3000 Chestnut St. #7966

Philadelphia, PA

19101 US",2007,PA,19101,,
857,"NJ,PA","1655 Fairfield Rd

Yardley, PA

19067 USA",2008,PA,19067,40.2058754,-74.81782532
21035,"DE,MA,NJ,NY,PA","5915 Bristol-Emilie Rd.

Levittown, PA

19057 US",2006,PA,19057,40.14081573,-74.85404205
21553,"DE,MD,NJ,PA","5921 BRISTOL EMILIE ROAD

LEVITTOWN, PA

19047 United States",2005,PA,19047,40.18044662,-74.9124527
1234,PA,"288 Kidder Street

Wilkes-Barre, Pennsylvania

18702 United States",2008,PA,18702,41.23049164,-75.75743866
21663,"NJ,PA","565 Lake Dr.

Lehighton, PA

18235 United States",2009,PA,18235,40.82963943,-75.69837189
21294,"NJ,PA","323 Linden Avenue

Hellertown, PA

18055 US",2002,PA,18055,40.59158325,-75.30435181
21552,"CT,DE,DC,MD,MA,NJ,NY,PA","1200 Corporate Blvd. Ste. 16

Lancaster, PA

17601 United States",2010,PA,17601,40.07424164,-76.31491089
21312,PA,"3376 Harvest Drive

Gordonville, PA

17529 US",2002,PA,17529,40.04193115,-76.09714508
21402,PA,"185 Morganza Road

Canonsburg, PA

15317 US",1999,PA,15317,40.27632141,-80.17166138
20613,"NY,OH,PA,WV","2121 Noblestown Rd, #222

Pittsburgh, PA

15205 US",2008,PA,15205,40.43809128,-80.09909058
21091,NY,"1836 Grand Central Ave.

Elmira Heights, NY

14903 US",2009,NY,14903,42.13163376,-76.87184906
21127,"CT,NY,PA,VT","110 South Albany St

Ithaca, NY

14850 United States",2011,NY,14850,42.43216324,-76.49703979
20368,NY,"830 Phillips Rd.

Victor, NY

14564 US",2006,NY,14564,42.98669815,-77.43435669
21310,NY,"317 State Route 104

Ontario, NY

14519 United States",2010,NY,14519,43.23397064,-77.3146286
20300,NY,"2890 Church Rd

Hamlin, NY

14464 US",,NY,14464,43.32758331,-77.93230438
1790,NY,"6500 Sheridan Drive, Suite 120

Buffalo, NY

14221 United States",2005,NY,14221,42.98448181,-78.72276306
21335,"CT,MA,NJ,NY,NC,SC","2901 South Park  Ave

Buffalo, NY

14218 United States",2011,NY,14218,42.81937027,-78.83095551
20358,NY,"400 Ingham Ave.

Buffalo, NY

14218 US",,NY,14218,42.81937027,-78.83095551
105,,"2917 State Hwy 7

Bainbridge, NY

13733 US",,NY,13733,42.3018074,-75.47975922
21117,"CO,NY","2721 Edmonds Road

Boonville, NY

13309 US",2010,NY,13309,43.45200348,-75.35544586
21412,NY,"105 Zodiac Circle

Liverpool, NY

13090 United States",2015,NY,13090,43.1530838,-76.21240234
20898,NY,"6399 East Molloy Rd, Suite C

East Syracuse, NY

13057 US",2008,NY,13057,43.10195541,-76.03791809
20193,NY,"2998 State Rt 31

Canastota, NY

13032 US",2009,NY,13032,43.08161545,-75.76602173
150,"CT,MA,NH,NJ,NY,RI,VT","64 Main St.

Queensbury, NY

12804 United States",2008,NY,12804,43.34095383,-73.68591309
21309,"CT,MA,NH,NJ,NY,RI,VT","64 Main St.

Queensbury, NY

12804 United States",2008,NY,12804,43.34095383,-73.68591309
21715,NY,"22 E Market St

Rhinebeck, New York

12572 United States",2003,NY,12572,41.9248848,-73.86366272
20046,NY,"13 Hook Rd

Rhinebeck, NY

12572 US",2003,NY,12572,41.9248848,-73.86366272
21347,"CT,NJ,NY","1-15 South Colden Street, Suite #300

Newburgh, NY

12550 United States",2015,NY,12550,41.53957367,-74.05722046
21165,NY,"1938 Route 44/55

Modena, NY

12548 United States",2007,NY,12548,41.65792465,-74.10150146
20995,NY,"90 Cornell St # 1245

Kingston, NY

12402 US",2008,NY,12402,,
1831,NY,"747 Route 28, Suite #4

Kingston, NY

12401 United States",2005,NY,12401,41.92272186,-74.20281219
20669,NY,"20 Walker Way

Albany, NY

12205 US",2010,NY,12205,42.71878433,-73.82923889
22622,NY,"20 Walker Way

Albany, NY

12205 US",2010,NY,12205,42.71878433,-73.82923889
20897,NY,"180 Main Avenue 

Wynantskill, NY

12198 US",10,NY,12198,42.67276764,-73.63357544
20862,NY,"444 Washington Street

Rensselaer, NY

12144 US",2008,NY,12144,42.62783432,-73.7178421
20179,NY,"343 Route 295

Chatham , NY 

12037 US",,NY,12037,42.34472656,-73.56712341
20794,"CT,NJ,NY","15 4th Avenue

Smithtown, NY

11787 US",,NY,11787,40.85292435,-73.21125793
1901,NY,"171 Remington Blvd.

Ronkonkoma, NY

11779 United States",2003,NY,11779,40.81295776,-73.11448669
20886,NY,"87 Lincoln Avenue P.O. Box 220 

Port Jefferson Station, NY

11776 US",1998,NY,11776,40.91360474,-73.04638672
1268,NY,"PO Box 726

Mt Sinai, NY

11766 United States",,NY,11766,40.93922043,-73.01866913
21083,NY,"72 East Hoffman Ave

Lindenhurst, NY

11757 US",2011,NY,11757,40.68901062,-73.37332916
21688,NY,"74 Bridge Road

Islandia, NY

11749 United States",2013,NY,11749,40.80676651,-73.17092896
23005,NY,"1527 East Forks Rd

Bay Shore, New York

11706 United States",2001,NY,11706,40.72253799,-73.25218201
21138,NY,"4589 Austin Blvd.

Island Park, NY

11558 United States",2005,NY,11558,40.60535812,-73.64904785
20778,"CT,DE,DC,MD,MA,NJ,NM,NY,RI","29-28 41st Avenue

Queens, NY

11101 United States",2012,NY,11101,40.74755859,-73.93894196
21364,NY,"34-18 Northern Blvd

Long Island City, NY

11101 United States",2008,NY,11101,40.74755859,-73.93894196
6520,NY,"147 Valley Street

Sleepy Hollow, NY

10591 USA",2009,NY,10591,41.09009552,-73.84101105
21953,"DC,MA,NY","115 South Macquesten Pkwy

Mount Vernon, NY

10550 United States",2010,NY,10550,40.90544891,-73.83525085
21509,"CT,MA,NJ,NY,RI","1360 Garrison Ave

Bronx, NY

10474 United States",2014,NY,10474,40.81061935,-73.88447571
20801,"NJ,NY","3333 Henry Hudson Pkwy Suite 11V 

Bronx, NY

10463 US",,NY,10463,40.88067627,-73.90653992
21301,"AL,AK,AZ,AR,CA,CO,CT,DE,DC,FL,GA,HI,ID,IL,IN,IA,KS,KY,LA,ME,MD,MA,MI,MN,MS,MO,MT,NE,NV,NH,NJ,NM,NY,NC,ND,OH,OK,OR,PA,RI,SC,SD,TN,TX,UT,VT,VA,WA,WV,WI,WY","234 W. 39th St.

New York, NY

10018 USA",,NY,10018,40.75533295,-73.99314117
6519,"CT,MA,NJ,NY","79 Madison Ave

New York, NY

10016 United States",2010,NY,10016,40.74522018,-73.97829437
20627,"CT,MA,NJ,NY","79 Madison Ave

New York, NY

10016 United States",2010,NY,10016,40.74522018,-73.97829437
237,,"No.3 Hua Yuan Road

Beijing

100083 China",,Beijing Shi,10008,,
21712,NJ,"110 Main Street

South Amboy, NJ

08879 United States",2010,NJ,8879,40.46641159,-74.27862549
21288,NJ,"110 Main Street

South Amboy, NJ

08879 United States",2010,NJ,8879,40.46641159,-74.27862549
22363,"NJ,NY","3384 US 9

Old Bridge, NJ

08857 United States",2013,NJ,8857,40.39278793,-74.33039856
20137,"NJ,NY,PA","1 Tamaron Court

Monmouth Junction, NJ

08852 US",2009,NJ,8852,40.38822556,-74.5495224
20054,"NJ,PA","47 East Street

Annandale, NJ

08801 US",2009,NJ,8801,40.6227951,-74.88632202
20552,NJ,"1561 Lakewood Rd

Toms River, NJ

08755 US",2007,NJ,8755,40.00853348,-74.22177124
21238,NJ,"110 S. Main St

Forked River, NJ

08731 United States",2014,NJ,8731,39.86566925,-74.25886536
21447,"NJ,NY","216 River Ave

Lakewood, NJ

08701 United States",2008,NJ,8701,40.07706833,-74.19850922
22353,NJ,"1347 Route 179

Lambertville, NJ

08530 United States",2006,NJ,8530,40.37002182,-74.91016388
21829,NJ,"122 North Oxford Avenue

Ventnor, NJ

08406 United States",2009,NJ,8406,39.34156036,-74.48086548
21604,"NJ,PA","31 Mountain Lane

Egg Harbor Township, NJ

08234 United States",2013,NJ,8234,39.3883934,-74.62072754
21865,NJ,"28 S. New York Rd.,  Suites B 1,2 & 3

Galloway, New Jersey

08205 United States",2009,NJ,8205,39.48287582,-74.45214081
20412,"AL,AZ,AR,CA,CO,CT,DE,DC,FL,GA,HI,ID,IL,IN,IA,KS,KY,LA,ME,MD,MA,MI,MN,MS,MO,MT,NE,NV,NH,NJ,NM,NY,NC,ND,OH,OK,OR,PA,RI,SC,SD,TN,TX,UT,VT,VA,WA,WV,WI,WY","75 Twinbridge Drive 

Pennsauken, NJ

08110 United States",,NJ,8110,39.97189331,-75.05787659
22862,NJ,"9370 Route 130 North; Suite 150

Pennsauken, NJ

08110 US",2015,NJ,8110,39.97189331,-75.05787659
21587,NJ,"9370 Route 130 North; Suite 150

Pennsauken, NJ

08110 US",2015,NJ,8110,39.97189331,-75.05787659
21368,NJ,"34 North Main Street

Mullica Hill, NJ

08062 United States",2008,NJ,8062,39.71609497,-75.2192688
22321,"CA,FL,NJ,NY,SC","523 Hollywood Ave

Cherry Hill, NJ

08002 United States",2009,NJ,8002,39.93197632,-75.02755737
21902,NJ,"192 Main St, Madison

Madison, NJ

07940 United States",2009,NJ,7940,40.7601738,-74.41918182
22985,NJ,"18 North Salem St

Dover, NJ

07801 US",2010,NJ,7801,40.91719055,-74.55474091
21660,NJ,"79 McCutcheon Ct

Middletown, NJ

07748 United States",2011,NJ,7748,40.39630127,-74.11527252
21721,NJ,"2885 Route 9

Howell, NJ

07731 United States",2007,NJ,7731,40.14953613,-74.20398712
20145,"NJ,NY,PA","PO Box 7606

Freehold, NJ

07728 US",2011,NJ,7728,40.22579193,-74.28578186
21250,"LA,MS,NJ,NY","28 Harrison Avenue

Englishtown, NJ

07726 United States",2012,NJ,7726,40.28235245,-74.34656525
1985,"CT,DE,MD,MA,NJ,NY,PA,RI","2211 Allenwood Road

Wall, NJ

07719 USA",2004,NJ,7719,40.16890717,-74.07322693
20622,"CT,NJ","324 Fairhaven Rd

Fairhaven, NJ

07704 US",2007,NJ,7704,40.36193848,-74.03877258
20106,"CT,MA,NJ,NY,NC,PA","22 Muller Road

Oakland, NJ

07436 US",,NJ,7436,41.03102112,-74.2405014
22997,NJ,"1275 bloomfield ave

Fairfield, New Jersey

07004 United States",2009,NJ,7004,40.88250732,-74.30459595
1649,CT,"28 Knight Street

Norwalk, CT

06851 USA",,CT,6851,41.13823318,-73.4015274
551,"CT,MA,NY","38 Beaver Brook Road

Danbury, CT

06810 US",2007,CT,6810,41.37428284,-73.45761108
128,,"23 Francis J. Clarke Circle

 









Bethel, CT

06801 United States",,CT,6801,41.36977768,-73.38950348
21537,"CT,NY","1265 Woodend Road

Stratford, CT

06615 United States",2011,CT,6615,41.1716156,-73.13215637
21642,"CT,MA,NJ,NY","30 Nutmeg Drive

Trumbull, Connecticut

06611 United States",2013,CT,6611,41.26786041,-73.21369171
20399,"CT,LA,NY","345 Huntington Turnpike

Bridgeport, CT

06610 US",,CT,6610,41.20922089,-73.16465759
20766,"CT,MA,NJ","121 North Plains Industrial Road

Wallingford, CT

06492 US",,CT,6492,41.45865631,-72.80451965
21793,CT,"37 W Center Street, Suite 106

Southington, CT

06489 United States",2008,CT,6489,41.61417007,-72.86992645
21569,CT,"96 Orland Street

Milford, CT

06460 United States",2008,CT,6460,41.21892166,-73.05245209
21585,"CT,MA,NJ,NY,RI","184 W Main St.

Milford, CT

06460 United States",2005,CT,6460,41.21892166,-73.05245209
924,CT,"1 Research Drive

Branford, CT

06405 USA",,CT,6405,41.28509521,-72.79351807
21113,"CT,RI","689 Pendleton Hill Road

North Stonington, CT

06359 US",2006,CT,6359,41.47097015,-71.87252808
20770,CT,"P.O Box 755

Woodstock, CT

06281 US",2012,CT,6281,41.97347641,-72.01413727
22834,CT,"325 North Quaker Lane

West Hartford, Connecticut

06119 United States",2012,CT,6119,41.7634201,-72.727211
6521,"CT,MA","123 Farmington Ave, Suite 162

Bristol, CT

06010 USA",,CT,6010,41.68157959,-72.94075012
20695,"CT,MA","1 Griffin Road South, Suite 200

Bloomfield, CT

06002 US",2011,CT,6002,41.84492874,-72.74095154
640,,"141 Holden Rd

Chittenden, VT

05737",,VT,5737,43.77318192,-72.9058609
22345,VT,"1570 South Brownell Rd

Williston, VT

05495 United States",2007,VT,5495,44.42916489,-73.09631348
22546,VT,"55 Lord Rd.

Swanton, VT

05488 United States",2012,VT,5488,44.9213295,-73.12539673
21434,"NY,VT","5 Bank Street | PO Box 507

North Bennington, VT

05257 United States",2008,VT,5257,42.95871735,-73.26075745
21620,ME,"168 Capitol Street

                                Suite 1

Augusta, ME

04330 US",,ME,4330,44.35190964,-69.747612
21914,"NH,VT","197 North Main St

Boscawen, NH

03303 US",2008,NH,3303,43.31171799,-71.66538239
22232,"NH,VT","197 North Main St

Boscawen, NH

03303 US",2008,NH,3303,43.31171799,-71.66538239
21457,RI,"1057 Reservoir Ave 

Cranston, RI

02920 United States",2015,RI,2920,41.76734543,-71.46550751
22236,RI,"Smithfield, RI

02917 US",2013,RI,2917,41.90628815,-71.52381134
20629,"MA,RI","11 Almy St.

Providence, RI

02909 US",2006,RI,2909,41.8211937,-71.45337677
21613,"MA,RI","1694 Post Rd

Warwick, RI

02888 United States",2008,RI,2888,41.74766922,-71.4061203
21353,"AL,AK,AZ,AR,CA,CO,CT,DE,DC,FL,GA,HI,ID,IL,IN,IA,KS,KY,LA,ME,MD,MA,MI,MN,MS,MO,MT,NE,NV,NH,NJ,NM,NY,NC,ND,OH,OK,OR,PA,RI,SC,SD,TN,TX,UT,VT,VA,WA,WV,WI,WY","2 Altieri Way

Warwick,, RI

02886 US",,RI,2886,41.70384979,-71.45556641
21316,"MA,RI","1005 Main St. Suite #2129

Pawtucket, RI

02860 United States",2014,RI,2860,41.87056351,-71.3886795
20365,"MA,RI","1005 Main St. Suite #2129

Pawtucket, RI

02860 United States",2014,RI,2860,41.87056351,-71.3886795
20301,"CT,FL,MA,RI","5600 Post Road Suite 114-262

East Greenwich, RI

02818 US",2010,RI,2818,41.64291763,-71.48571777
20965,"MA,RI","2780 GAR Highway 

Swansea, MA

02777 US",2011,MA,2777,41.75816345,-71.21417999
20935,MA,"309 Taunton Avenue

Seekonk, MA

02771 US",2009,MA,2771,41.83979797,-71.31804657
22584,MA,"102C Pond st

Seekonk, MA

02771 United States",2011,MA,2771,41.83979797,-71.31804657
21363,"MA,RI","287 Sawyer Street

New Bedford, MA

02746 United States",2013,MA,2746,41.66099548,-70.94013977
22585,"MA,RI","287 Sawyer Street

New Bedford, MA

02746 United States",2013,MA,2746,41.66099548,-70.94013977
21703,MA,"1 Chace Rd., #15

E. Freetown, MA

02717 US",2015,MA,2717,41.76010513,-70.97276306
6204,MA,"11 Oak Lane

Osterville, MA

02655 USA",1996,MA,2655,41.62798309,-70.39201355
20015,"MA,RI","PO Box 89

Cotuit, MA

02635 US",1988,MA,2635,41.62405396,-70.43939972
22718,MA,"45 Head of the Pond Rd

Vineyard Haven, MA

02568 United States",2014,MA,2568,41.45864487,-70.61251831
23009,"MA,RI","114 State Road

Sagamore Beach, MA

02562 United States",2012,MA,2562,41.78720856,-70.52671814
713,MA,"1165 Mass Ave.

Arlington, MA

02476 United States",2009,MA,2476,42.41563797,-71.17566681
21269,"MA,RI","420 Bedford Street

Lexington, MA

02420 United States",2012,MA,2420,42.45705414,-71.21546173
22992,MA,"63 Maple St. Exd. Unit #2

West Bridgewater, MA

02379 United States",2015,MA,2379,42.02161789,-71.02671814
21729,"CT,MA","54 Corporate Park Dr. Suite 510

Pembroke, MA

02359 United States",2000,MA,2359,42.06780243,-70.80570984
613,MA,"439 Columbia Rd

Hanover, Massachusetts

02339 United States",2007,MA,2339,42.12295532,-70.85630798
21733,MA,"25 Braintree Hill Office Park, Suite 200

Braintree, MA

02184 US",2013,MA,2184,42.2061882,-71.00231934
21592,"CT,ME,MA,NH","376 Washington Street #104

Malden, MA

02148 United States",2010,MA,2148,42.42937851,-71.05870819
20383,MA,"2161 Massachusetts Ave.

Cambridge, MA

02140 US",2013,MA,2140,42.39215851,-71.13399506
20147,"AL,AK,AZ,AR,CA,CO,CT,DE,DC,FL,GA,HI,ID,IL,IN,IA,KS,KY,LA,ME,MD,MA,MI,MN,MS,MO,MT,NE,NV,NH,NJ,NM,NY,NC,ND,OH,OK,OR,PA,RI,SC,SD,TN,TX,UT,VT,VA,WA,WV,WI,WY","200 Clarendon Street    

Boston, MA

02116 US",,MA,2116,42.35057831,-71.07640076
6507,MA,"90 Mendon St

Bellingham, MA

02019 USA",2009,MA,2019,42.07668304,-71.4744873
21533,"CT,ME,MA,NH,RI,VT","120 Water St.

Boston, MA

02011 US",2013,MA,2011,,
6356,"CO,MA,MT","54 W. Dane St. Unit E

Beverly, MA

01915 USA",,MA,1915,42.57066345,-70.86758423
21143,"ME,MA,NH","26 Parkridge Rd, Suite 1B

Haverhill, MA

01835 United States",2011,MA,1835,42.75132751,-71.09442139
22416,"ME,MA,NH","26 Parkridge Rd, Suite 1B

Haverhill, MA

01835 United States",2011,MA,1835,42.75132751,-71.09442139
21672,"ME,MA,NH","44 Kensington Drive

Chelmsford, MA

01824 United States",2015,MA,1824,42.59078979,-71.35517883
20733,"AZ,AR,CA,CO,CT,DE,DC,GA,HI,IL,ME,MA,NV,NH,NJ,NM,NY,NC,PA,RI,SC,TX,VT,VA","342 North Main St

Andover, MA

01810 US",2005,MA,1810,42.64804459,-71.16175079
20769,"AZ,AR,CA,CO,CT,DE,DC,GA,HI,IL,ME,MA,NV,NH,NJ,NM,NY,NC,PA,RI,SC,TX,VT,VA","342 North Main St

Andover, MA

01810 US",2005,MA,1810,42.64804459,-71.16175079
21234,"MA,NH","1 North Ave. Unit A

Burlington, MA

01803 United States",2012,MA,1803,42.50322723,-71.20171356
424,"CT,ME,MA,NH,NJ,RI,VT","400 Tradecenter, Suite 2900

Woburn, MA

01801 United States",2010,MA,1801,42.48870468,-71.1543808
6394,MA,"600 West Cummings Park, Suite 4200

Woburn, MA

01801 US",2009,MA,1801,42.48870468,-71.1543808
20410,"MA,NH","55 6th Road

Woburn, MA

01801 US",2011,MA,1801,42.48870468,-71.1543808
1034,MA,"121 Boston Post Rd

Sudbury, MA

01776 USA",2009,MA,1776,42.38336563,-71.42106628
554,"CT,MA,NH,RI","85 S. Bow Street

Milford, MA

01757 United States",2008,MA,1757,42.15869141,-71.52141571
20163,"MA,NH,RI","43 Broad Street Suite A408

Hudson, MA

01749 US",2006,MA,1749,42.38907242,-71.54586029
20162,"CT,ME,MA,NH,NY,RI,VT","152 Commonwealth Ave., Suite 17

Concord, MA

01742 US",2011,MA,1742,42.4629097,-71.36449432
556,"MA,RI","190 Pleasant Street

Ashland, MA

01721 US",2007,MA,1721,42.25775528,-71.473526
22681,"CT,FL,MA,NH,RI,VT","100 Lamartine St.

Worcester, Massachusetts

01608 United States",2016,MA,1608,42.26197815,-71.80146027
3400,,"55 Lake Ave North

Worcester, MA

01604",,MA,1604,42.25348663,-71.76792908
21945,"MA,NH","1900 West Park Dr suite 280

Westborough, Massachusetts

01581 United States",2016,MA,1581,42.26842499,-71.61331177
21348,"CT,DE,FL,GA,KY,ME,MD,MA,NH,NM,NC,OH,PA,RI,TX,VT","134 Worcester Providence Turnpike, 

Millbury, MA

01527 United States",2014,MA,1527,42.19224548,-71.77764893
22599,MA,"11 N MEADOW RD

Leominster, Ma

01453 United States",2012,MA,1453,42.51996613,-71.76332092
6449,"CT,DC,MA,NH,NY,VT,VA","323 West Main Street 

Ayer, MA

01432 USA",2006,MA,1432,42.56466293,-71.56729889
20583,"MA,NY","55 North Street

Williamstown, MA

01267 US",2009,MA,1267,42.6716156,-73.24697876
21837,MA,"136 Elm Street

Hatfield, MA

01038 United States",2010,MA,1038,42.37992477,-72.60404205
22565,MA,"11 Amity St

Amherst, MA

01002 United States",2017,MA,1002,42.36403275,-72.45875549
21584,FL,"PO Box 3062

Aguadilla, PR

00605 USA",2009,PR,605,,
